Kept title,Kept author,Course,New total,Record folded in (title),Record folded in (author),Its copies,Role
1984,"Orwell, George",English 10,81,1984,"Orwell, George",69,KEPT
,,,,1984,Orwell,12,merged + deleted
50 Essays - Second Edition,"Cohen, Samuel",Unassigned,14,50 Essay - Second Edition,"Cohen, Samuel",11,KEPT
,,,,"Essays, 2nd Edition",Cohen,3,merged + deleted
A Mother's Reckoning,"Klebold, Sue",Unassigned,3,A Mother's Reckoning,Klebold,2,KEPT
,,,,A Mother's Reckoning,"Klebold, Sue",1,merged + deleted
A Step From Heaven,"Na, An",Unassigned,8,A Step From Heaven,Na,6,KEPT
,,,,A Step From Heaven,"Na, An",2,merged + deleted
All American Boys,Brendan Kiely and Jason Reynolds,Unassigned,8,All American Boys,Reynolds,5,KEPT
,,,,All American Boys,Brendan Kiely and Jason Reynolds,3,merged + deleted
All the Light We Cannot See,"Doerr, Anthony",Unassigned,17,All the Light We Cannot See,Doerr,11,KEPT
,,,,All the Light We Cannot See,"Doerr, Anthony",6,merged + deleted
Amusing Ourselves to Death,"Postman, Neil",Unassigned,18,Amusing Ourselves to Death,"Zusak, Markus",10,KEPT
,,,,Asuming Ourselves to Death,Postman,8,merged + deleted
And the Mountains Echoed,"Hosseini, Khaled",Unassigned,61,Mountains Echoed,Hosseini,61,KEPT
,,,,And the Mountains Echoed,Hosseini,0,merged + deleted
Animal Farm,"Orwell, George",Unassigned,46,Animal Farm,"Orwell, George",31,KEPT
,,,,Animal Farm,Orwell,15,merged + deleted
Best-Loved Folktales,"Cole, Joanna",Unassigned,68,Best-Loved Folktales,Joanna Cole,36,KEPT
,,,,Best-Loved Folktales,Jonathan cole,32,merged + deleted
Black Boy,"Wright, Richard",Unassigned,37,Black Boy,Richard Wright,30,KEPT
,,,,Black Boy,"Wright, Richard",7,merged + deleted
Black Swan Green,"Mitchell, David",Unassigned,16,Black Swan Green,"Mitchell, David",13,KEPT
,,,,Black Swan Green,Mitchell,3,merged + deleted
Born a Crime,"Noah, Trevor",Unassigned,10,Born a Crime,"Noah, Trevor",6,KEPT
,,,,Born a Crime,Trevor Noah,4,merged + deleted
Brave New World,"Huxley, Aldous",Unassigned,3,Brave New World,Huxley,2,KEPT
,,,,Brave New World,"Huxley, Aldus",1,merged + deleted
Buy-Ology,"Lindstrom, Martin",Unassigned,15,Buy-ology,Lindstrom,10,KEPT
,,,,Buy-Ology,"Lindstrom, Martin",5,merged + deleted
Children of Blood and Bone,"Adeyemi, Tomi",Unassigned,18,Children of Blood and Bone,Adeyemi,12,KEPT
,,,,Children of Blood and Bone,"Adeyemi, Tomi",6,merged + deleted
Collected Stories,"Márquez, Gabriel García",Unassigned,20,Collected Stories,Marquez,15,KEPT
,,,,Collected Stories,"Márquez, Gabriel García",5,merged + deleted
"Cry, the Beloved Country","Paton, Alan",English 12,77,"Cry, The Beloved Country",Allen Patton,74,KEPT
,,,,"Cry, The Beloved Country",Paton,3,merged + deleted
Dear Martin,"Stone, Nic",Unassigned,9,Dear Martin,Stone,6,KEPT
,,,,Dean Martin,"Stone, Nic",3,merged + deleted
Death of a Salesman,Arthur Miller,English 11,67,Death of a Salesman,Arthur Miller,62,KEPT
,,,,Death of a Salesman,Miller,5,merged + deleted
Fahrenheit 451,"Bradbury, Ray",English 10,215,Fahrenheit 451,Bradbury,83,KEPT
,,,,Farenhiet 451,Bradbury,83,merged + deleted
,,,,Fahrenheit 451,"Bradbury, Ray",40,merged + deleted
,,,,Farenheit 451,Bradbury,9,merged + deleted
Frankenstein,"Shelley, Mary",AP Literature and Composition,51,Frankenstein,Mary Shelley,50,KEPT
,,,,Frankenstein,"Shelly, Mary",1,merged + deleted
Gothic Short Stories,"Blair, David (ed.)",Unassigned,42,Gothic Short Stories,Anthology,30,KEPT
,,,,Gothic Short stories,David Blair,12,merged + deleted
Great Short Works of Leo Tolstoy,"Tolstoy, Leo",Unassigned,89,Great  short Works,Tolstoy,54,KEPT
,,,,Great Short Works of Leo Tolstoy,Leo Tolstoy,15,merged + deleted
,,,,Great Short Words of Leo Tolstoy,Tolstoy,15,merged + deleted
,,,,Great Story Works Of Leo Tolstoy,"Tolstoy, Leo",5,merged + deleted
Hamlet,"Shakespeare, William",AP Literature and Composition,105,Hamlet,Shakespeare,70,KEPT
,,,,Hamlet,"Shakespeare, William",35,merged + deleted
Hillbilly Elegy,"Vance, JD",Unassigned,10,Hillbilly Elegy,"Vance, JD",5,KEPT
,,,,Hillbilly Elegy,Vance,5,merged + deleted
I Know Why the Caged Bird Sings,"Angelou, Maya",Unassigned,20,I Know Why the Caged Bord Sings,"Angelou, Maya",20,KEPT
,,,,I Know Why the Caged Bird Sings,"Angelou, Maya",0,merged + deleted
In Cold Blood,"Capote, Truman",AP Language and Composition,27,In Cold Blood,"Capote, Truman",20,KEPT
,,,,In Cold Blood,Truman Capote,4,merged + deleted
,,,,In Cold Blood,Capote,3,merged + deleted
In the Time of the Butterflies,Julia Alvarez,English 10,122,In the time of the Butterflies,Alvarez,62,KEPT
,,,,In the Time of the Butterflies,Julia Alvarez,60,merged + deleted
Influence: The Power of Persuasion,"Cialdini, Robert",Unassigned,15,Influence: The Power of Persuasion,"Cialdini, Robert",11,KEPT
,,,,Influence,Cialdini,4,merged + deleted
Into the Wild,"Krakauer, Jack",Unassigned,12,Into the Wikld,Krakauer,9,KEPT
,,,,Into the Wild,"Krakauer, Jack",3,merged + deleted
Invisible Man,"Ellison, Ralph",AP Literature and Composition,38,Invisble Man,Ralph Ellison,35,KEPT
,,,,Invisible Man,"Ellison, Ralph",3,merged + deleted
,,,,Invisible Man,Ralph Ellison,0,merged + deleted
Jane Eyre,Charlotte Bronte,Unassigned,29,Jane Eyre,Charlotte Bronte,29,KEPT
,,,,Jane Eyre,Bronte,0,merged + deleted
Lord of the Flies,William Golding,English 9,173,Lord of the Flies,William Golding,167,KEPT
,,,,Lord of the Flies,Golding,6,merged + deleted
Macbeth,"Shakespeare, William",English 10,97,Macbeth,Shakespeare,63,KEPT
,,,,Macbeth,"Shakespeare, William",34,merged + deleted
Nectar in a Sieve,"Markandaya, Kamala",English 12,99,Nectar in a Sieve,Kamala Markandaya,96,KEPT
,,,,Nectar in a Sieve,"Markandaya, Kamala",3,merged + deleted
Nickel and Dimed,"Ehrenreich, Barbara",Unassigned,20,Nickel and Dimed,Ehrenreich,12,KEPT
,,,,Nickel and Dimed,"Ehrenreich, Barbara",8,merged + deleted
Nimona,Noelle Stevenson,Unassigned,29,Nimona (5),Noelle Stevenson,23,KEPT
,,,,Nimona,Noelle Stevenson,6,merged + deleted
Of Mice and Men,"Steinbeck, John",English 9,126,Of Mice and Men,John Steinbeck,125,KEPT
,,,,Of Mice and Men,"Steinbeck, John",1,merged + deleted
One Hundred Years of Solitude,Gabriel Garcia Marquez,Unassigned,36,One Hundred Years of Solitude,Gabriel Garcia Marquez,28,KEPT
,,,,One Hundred Years of Solitude,Marquez,8,merged + deleted
Outliers,"Gladwell, Malcolm",AP Language and Composition,51,Outliers,Gladwell,35,KEPT
,,,,Outliers,"Gladwell, Malcolm",16,merged + deleted
Poe: Selected Tales,"Poe, Edgar Allan",Unassigned,48,Selected Tales,Edgar Alen Poe,36,KEPT
,,,,Poe: Selected Tales,"Poe, Edgar Allen",12,merged + deleted
Pride and Prejudice,Jane Austen,Unassigned,29,Pride and Prejudice,Austen,22,KEPT
,,,,Pride and Prejudice,Jane Austen,7,merged + deleted
Quiet: The Power of Introverts,"Cain, Susan",Unassigned,16,Quiet: The Power of Introverts,"Cain, Susan",11,KEPT
,,,,Quiet,Cain,5,merged + deleted
Romeo and Juliet,"Shakespeare, William",Unassigned,11,Romeo and Juliet,Shakespeare,10,KEPT
,,,,Romeo and Juliet,"Shakespeare, William",1,merged + deleted
Salt to the Sea,"Sepetys, Ruta",Unassigned,12,Salt to the Sea,Sepetys,9,KEPT
,,,,Salt to the Sea,"Sepetys, Ruta",3,merged + deleted
"Salt, Sugar, Fat","Moss, Michael",Unassigned,22,"Salt, Sugar, Fat","Moss, Micheal",12,KEPT
,,,,"Salt, Sugar, Fat",Michael Moss,6,merged + deleted
,,,,Salt Sugar Fat,Moss,4,merged + deleted
Stiff,"Roach, Mary",Unassigned,13,Stiff,"Roach, Mary",10,KEPT
,,,,Stiff,Roach,3,merged + deleted
Tess of the D'Urbervilles,"Hardy, Thomas",Unassigned,69,Tess,Hardy,47,KEPT
,,,,Tess of the D'Urbervilles,Thomas Hardy,20,merged + deleted
,,,,Tess of the D'Urbervilles,"Hardy, Thomas",2,merged + deleted
,,,,Tess of the D'Urbervilles,Hardy,0,merged + deleted
The Armchair Economist,"Landsburg, Steven E.",Unassigned,8,The Armchair Economist,Landsburg,6,KEPT
,,,,The Armchair Economist,"Landsburg, Steven E.",2,merged + deleted
The Beauty Myth,"Wolf, Naomi",Unassigned,19,The Beauty Myth,"Wolf, Naomi",14,KEPT
,,,,The Beauty Myth,Wolf,5,merged + deleted
The Bluest Eye,"Morrison, Toni",Unassigned,6,The Bluest Eye,"Morrison, Toni",5,KEPT
,,,,The Bluest Eye,Toni Morrison,1,merged + deleted
The Canterbury Tales,Geoffrey Chaucer,Unassigned,23,The Canterbury Tales,Geoffrey Chaucer,20,KEPT
,,,,Canterbury Tales,Chaucer,3,merged + deleted
The Complete Stories of Flannery O'Connor,"O'Connor, Flannery",Unassigned,54,The Complete Stories of Flannery O'Connor,Anthology: O'Connor,36,KEPT
,,,,The Complete Stories of Flannery O'Conner,Flannery O'Conner,18,merged + deleted
The Crucible,"Miller, Arthur",English 11,31,The Crucible,Miller,30,KEPT
,,,,The Crucible,"Miller, Arthur",1,merged + deleted
The Diary of Anne Frank,"Frank, Anne",Unassigned,12,Diary of Anne Frank,Anne Frank,9,KEPT
,,,,The Diary of Anne Frank,"Frank, Anne",3,merged + deleted
The Etymologicon,"Forsyth, Mark",Unassigned,20,Etymologicon,Forsyth,17,KEPT
,,,,Etymologican,"Forsyth, Mark",3,merged + deleted
The Great Gatsby,"Fitzgerald, F. Scott",English 11,99,The Great Gatsby,Fitzgerald,97,KEPT
,,,,The Great Gatsby,"Fitzgerald, F. Scott",2,merged + deleted
The Handmaid's Tale,"Atwood, Margaret",English 10,41,The Handmaid's Tale,"Atwood, Margaret",36,KEPT
,,,,Handmaid's Tale,Atwood,5,merged + deleted
The Hate U Give,"Thomas, Angie",Unassigned,9,The Hate You Give,Thomas,7,KEPT
,,,,The Hate U Give,"Thomas, Angie",2,merged + deleted
The Illustrated Man,"Bradbury, Ray",Unassigned,20,Illustrated Man (16),Ray Bradbury,16,KEPT
,,,,The Illustrated Man,"Bradbury,Ray",4,merged + deleted
The Joy Luck Club,"Tan, Amy",Unassigned,51,The Joy Luck Club,Tan,47,KEPT
,,,,The Joy Luck Club,"Tan, Amy",4,merged + deleted
The Language of Composition,Renee H. Shea & Lawrence Scanlon & Robin Dissin Aufses,Unassigned,52,The Language of Composition,Renee H. Shea & Lawrence Scanlon & Robin Dissin Aufses,36,KEPT
,,,,The Language of Composition,Shea & Scanlon & Aufses,16,merged + deleted
The Last Lecture,"Pausch, Randy",Unassigned,14,The Last Lecture,Pausch,10,KEPT
,,,,The Last Lecture,"Pausch, Randy",4,merged + deleted
The Mother Tongue,"Bryson, Bill",Unassigned,21,The Mother Tongue,"Bryson, Bill",18,KEPT
,,,,The Mother Tounge,Bryson,3,merged + deleted
The No. 1 Ladies' Detective Agency,"Smith, Alexander McCall",Unassigned,13,Ladies Detective Agency,Smith,9,KEPT
,,,,\#1 Ladies' Detective Agency,"Smith, Alexander McCall",4,merged + deleted
The Picture of Dorian Gray,"Wilde, Oscar",Unassigned,45,The Picture of Dorian Gray,Oscar Wilde,44,KEPT
,,,,The Picture of Dorian Gray,"Wilde, Oscar",1,merged + deleted
The Road,"McCarthy, Cormac",English 10,94,The Road,Mcarthy,48,KEPT
,,,,The Road,Cormac McCarthy,46,merged + deleted
The Scarlet Letter,"Hawthorne, Nathaniel",English 11,188,The Scarlet Letter,Hawthorne,184,KEPT
,,,,The Scarlet Letter,"Hawthorne, Nathaniel",4,merged + deleted
The Secret Life of Bees,"Kidd, Sue Monk",Unassigned,4,The Secret Life of Bees,Kidd,2,KEPT
,,,,The Secret Life of Bees,"Kidd, Sue Monk",2,merged + deleted
The Secret Side of Empty,"Andreu, Maria E.",Unassigned,19,The Secret Side of Empty,Andreu,15,KEPT
,,,,The Secret Side of Empty,"Andreu, Maria E.",4,merged + deleted
The Shallows: How the Internet Is Changing Us,"Carr, Nicholas",Unassigned,20,the Shallows: How the Internet In Changing Us,"Carr, Nicholas",15,KEPT
,,,,The Shallows,Carr,5,merged + deleted
The Walmart Effect,"Fishman, Charles",Unassigned,26,The Walmart Effect,Fishman,17,KEPT
,,,,The Walmart Effect,"Fishman, Charles",9,merged + deleted
The Wind-Up Bird Chronicle,"Murakami, Haruki",Unassigned,19,The Wind-Up Bird Chronicle,Haruki Murakami,14,KEPT
,,,,The Wind-Up Bird Chronicle,"Maurikami, Haruki",5,merged + deleted
Their Eyes Were Watching God,"Hurston, Zora Neale",English 11,67,Their Eyes Were Watching God,Hurston,53,KEPT
,,,,Their Eyes Were Watching God,Zora N. Hurston,13,merged + deleted
,,,,Their Eyes Were Watching God,"Hurston, Zora Neale",1,merged + deleted
Things Fall Apart,Chinua Achebe,AP Literature and Composition,120,Things Fall Apart,Achebe,78,KEPT
,,,,Things Fall Apart,Chinua Achebe,42,merged + deleted
This Land Is Our Land,"Mehta, Suketu",Unassigned,10,This Land is Our Land,Mehta,5,KEPT
,,,,This Land is Our Land,"Mehta, Suketu",3,merged + deleted
,,,,This is Our Land,Mehta,2,merged + deleted
To Kill a Mockingbird,"Lee, Harper",English 9,274,To Kill a Mockingbird,Harper Lee,143,KEPT
,,,,To Kill a Mockingbird,Lee,128,merged + deleted
,,,,To Kill a Mockingbird,"Lee, Harper",3,merged + deleted
Uglies,"Westerfeld, Scott",Unassigned,22,Uglies,Westerfeld,11,KEPT
,,,,Uglies,"Westerfeld, Scott",11,merged + deleted
Uncle Tom's Cabin,"Stowe, Harriet Beecher",Unassigned,18,Uncle Tom's Cabin,Beecher Stowe,13,KEPT
,,,,Uncle Tom's Cabin,"Stowe, Harriet Beecher",5,merged + deleted
Wonder,"Palacio, R.J.",Unassigned,14,Wonder,"Palacio, R.J.",8,KEPT
,,,,Wonder,Palacio,6,merged + deleted
